<?xml version="1.10.0" encoding="UTF-8"?>
<addon id="plugin.audio.rdio" version="1.10.0" name="Rdio" provider-name="Charles Blaxland (https://github.com/ampedandwired/rdio-xbmc)">
  <requires>
    <import addon="xbmc.python" version="2.0"/>
    <import addon="script.module.parsedom" version="0.9.2"/>
    <import addon="script.module.t0mm0.common" version="1.1.0"/>
  </requires>
  <extension point="xbmc.python.pluginsource" library="rdioplugin.py">
    <provides>audio</provides>
  </extension>
  <extension point="xbmc.addon.metadata">
    <summary>Play your Rdio collections and playlists through XBMC</summary>
    <description>
      Rdio is a subscription music service which allows you to manage your music collection and playlists, play and download them to various devices and discover new music through your friends and followers. This addon allows you to play music from Rdio through XBMC.
    </description>
    <platform>all</platform>
  </extension>
</addon>
